Nose_x,Nose_y,Neck_x,Neck_y,RShoulder_x,RShoulder_y,RElbow_x,RElbow_y,RWrist_x,RWist_y,LShoulder_x,LShoulder_y,LElbow_x,LElbow_y,LWrist_x,LWrist_y,MidHip_x,MidHip_y,RHip_x,RHip_y,RKnee_x,RKnee_y,RAnkle_x,RAnkle_y,LHip_x,LHip_y,LKnee_x,LKnee_y,LAnkle_x,LAnkle_y,REye_x,REye_y,LEye_x,LEye_y,REar_x,REar_y,LEar_x,LEar_y,LBigToe_x,LBigToe_y,LSmallToe_x,LSmallToe_y,LHeel_x,LHeel_y,RBigToe_x,RBigToe_y,RSmallToe_x,RSmallToe_y,RHeel_x,RHeel_y,category
768.591,362.493,815.603,291.79,627.338,221.268,606.704,539.009,615.555,789.143,1001.12,359.546,977.455,647.997,792.1,806.719,786.185,733.231,677.359,700.873,0,0,0,0,880.407,803.884,0,0,0,0,742,318.47,812.628,338.867,0,0,906.821,277.121,0,0,0,0,0,0,0,0,0,0,0,0,writing
706.739,247.767,730.274,309.503,580.196,294.795,574.219,562.578,586.071,748.016,880.38,318.366,906.755,609.665,768.55,742.024,736.126,765.637,633.187,756.767,0,0,0,0,836.176,774.436,0,0,0,0,668.616,200.638,742.226,203.572,624.44,177.123,809.72,177.072,0,0,0,0,0,0,0,0,0,0,0,0,writing
768.581,362.392,815.649,280.033,624.364,206.53,600.897,527.218,615.561,792.109,1001.11,344.863,974.572,647.987,792.161,803.846,768.58,727.358,671.461,694.99,0,0,0,0,865.693,789.143,0,0,0,0,742.091,318.461,812.782,338.893,0,0,906.879,277.091,0,0,0,0,0,0,0,0,0,0,0,0,writing
1113.04,241.892,924.598,350.733,733.342,341.93,533.204,698.092,783.441,824.621,1112.97,350.748,1183.64,580.379,1330.97,642.14,907.011,974.733,801.07,983.549,0,0,0,0,1045.36,948.226,0,0,0,0,1068.78,180.028,1142.65,197.725,933.611,144.761,0,0,0,0,0,0,0,0,0,0,0,0,0,0,writing
1095.39,368.448,883.55,409.566,703.917,383.147,645.007,765.714,1045.27,821.709,1092.47,438.996,1133.65,648.048,1239.7,677.523,0,0,0,0,0,0,0,0,0,0,0,0,0,0,1065.85,312.528,1139.51,321.289,930.45,241.884,0,0,0,0,0,0,0,0,0,0,0,0,0,0,writing
718.551,335.858,656.717,388.831,533.127,418.426,544.938,715.574,712.552,824.472,783.283,344.894,812.696,568.408,806.724,715.477,689.105,786.141,603.772,800.902,0,0,0,0,765.725,765.65,0,0,0,0,688.992,294.843,742.168,288.913,603.815,271.299,0,0,0,0,0,0,0,0,0,0,0,0,0,0,writing
700.881,244.863,721.431,300.684,574.438,291.816,562.582,565.468,591.959,742.119,877.358,315.365,903.845,603.839,765.64,739.028,724.397,765.58,624.358,753.862,0,0,0,0,830.29,774.439,0,0,0,0,668.385,200.472,742.091,200.758,624.262,177.105,806.726,176.997,0,0,0,0,0,0,0,0,0,0,0,0,writing
703.829,250.637,724.47,309.492,577.281,294.743,571.335,568.402,591.921,745.04,880.355,318.319,903.966,609.665,768.55,739.228,736.128,765.63,630.303,753.848,0,0,0,0,833.364,774.461,0,0,0,0,668.427,200.648,742.221,206.439,624.354,174.201,806.836,177.177,0,0,0,0,0,0,0,0,0,0,0,0,writing
765.628,362.424,812.798,285.932,624.299,215.35,603.807,527.2,618.51,800.887,1001.13,359.55,974.612,647.985,795.02,803.897,759.758,700.856,671.409,668.494,0,0,0,0,856.827,721.482,0,0,0,0,739.205,318.38,812.603,338.976,0,0,909.817,274.173,0,0,0,0,0,0,0,0,0,0,0,0,writing
1095.54,365.359,886.457,406.587,706.903,377.211,644.99,759.852,1042.4,818.75,1092.49,436.076,1130.68,647.992,1239.59,677.426,0,0,0,0,0,0,0,0,0,0,0,0,0,0,1065.97,309.498,1139.56,318.38,930.492,238.948,0,0,0,0,0,0,0,0,0,0,0,0,0,0,writing
724.378,333.016,662.596,385.98,536.069,415.434,550.712,715.656,715.592,818.566,786.188,344.857,812.826,568.389,809.648,715.504,692.078,786.223,603.816,806.799,0,0,0,0,774.431,768.545,0,0,0,0,691.931,294.7,750.869,285.872,612.623,271.22,786.063,265.304,0,0,0,0,0,0,0,0,0,0,0,0,writing
1522.16,494.959,1504.51,524.389,0,0,0,0,0,0,0,0,0,0,0,0,1495.57,606.779,1492.81,606.849,1486.84,668.619,1475.04,718.665,0,0,0,0,0,0,0,0,0,0,0,0,0,0,0,0,0,0,0,0,1475.14,721.633,1472.16,727.493,0,0,writing
765.569,362.445,677.365,456.48,621.375,480.249,668.471,739.069,847.982,762.566,741.957,427.133,762.708,589.048,809.594,671.555,668.439,812.724,627.355,847.993,789.13,936.298,0,0,706.785,789.125,850.938,921.557,0,0,742.123,338.761,768.518,338.728,668.492,330.04,0,0,0,0,0,0,0,0,0,0,0,0,0,0,writing
718.484,335.883,653.82,388.862,530.274,418.421,544.93,718.522,712.663,827.355,783.267,347.755,812.596,568.428,806.715,712.65,686.15,789.107,600.801,809.707,0,0,0,0,765.555,768.58,0,0,0,0,686.18,294.86,742.102,291.687,600.811,268.333,0,0,0,0,0,0,0,0,0,0,0,0,0,0,writing
1095.44,365.555,886.478,409.564,703.944,383.104,645.049,765.703,1042.44,824.584,1092.51,436.191,1133.69,648.021,1239.64,680.431,0,0,0,0,0,0,0,0,0,0,0,0,0,0,1065.9,312.463,1139.54,318.528,930.474,241.904,0,0,0,0,0,0,0,0,0,0,0,0,0,0,writing
812.768,274.309,777.566,365.575,530.305,344.826,312.488,639.178,509.688,721.57,1021.75,388.918,1089.49,600.868,1116.08,659.793,730.412,957.07,595.047,936.47,0,0,0,0,0,0,0,0,0,0,762.903,215.331,880.416,235.903,698.06,177.175,942.376,244.813,0,0,0,0,0,0,0,0,0,0,0,0,writing
1115.94,244.819,927.654,347.804,739.268,341.881,544.974,686.255,806.97,762.874,1113.05,350.763,1180.75,580.278,1330.94,642.101,904.103,945.295,783.418,965.887,0,0,0,0,1048.31,927.642,0,0,0,0,1071.76,182.972,1151.33,200.69,945.246,147.546,0,0,0,0,0,0,0,0,0,0,0,0,0,0,writing
0,0,1504.49,530.257,0,0,0,0,0,0,0,0,0,0,0,0,1495.59,618.543,1492.82,618.536,1489.75,671.646,1475.12,721.688,1495.71,618.566,1495.61,671.63,1489.78,724.508,0,0,0,0,0,0,0,0,1498.65,733.32,0,0,0,0,1480.94,727.465,1475.07,730.448,1475.05,724.553,writing
1095.41,368.352,889.411,406.68,706.877,380.219,645.106,765.707,1045.32,821.634,1092.54,436.11,1130.71,653.859,1242.59,680.389,0,0,0,0,0,0,0,0,0,0,0,0,0,0,1065.91,312.43,1139.6,318.515,930.459,241.827,0,0,0,0,0,0,0,0,0,0,0,0,0,0,writing
1116.12,247.6,927.675,356.62,739.237,344.864,547.954,683.289,821.665,733.338,1116.01,359.534,1183.63,586.175,1330.93,642.152,909.977,933.527,759.87,951.185,0,0,0,0,1051.24,924.69,0,0,0,0,1071.94,183.001,1160.1,200.761,951.023,150.475,0,0,0,0,0,0,0,0,0,0,0,0,0,0,writing
1095.34,368.484,886.462,409.586,701.017,383.126,639.167,765.68,1039.42,833.316,1092.49,436.208,1133.67,648.018,1239.65,677.521,795.185,1024.76,674.491,1012.97,0,0,0,0,0,0,0,0,0,0,1062.98,315.314,1139.47,321.383,927.679,244.722,0,0,0,0,0,0,0,0,0,0,0,0,0,0,writing
709.622,250.641,727.33,312.413,577.36,297.732,574.292,565.502,580.221,742.141,880.422,318.38,906.747,609.655,768.598,742.107,739.042,780.312,639.027,774.46,0,0,0,0,836.272,783.266,0,0,0,0,671.339,200.686,745.085,203.588,624.33,177.111,809.78,177.16,0,0,0,0,0,0,0,0,0,0,0,0,writing
765.68,359.422,812.762,294.75,633.196,235.892,615.471,527.231,621.379,789.182,1003.99,356.61,983.332,647.972,800.934,809.657,765.664,724.412,674.386,689.11,0,0,0,0,859.756,750.915,0,0,0,0,739.218,318.431,809.643,335.891,694.97,271.239,903.914,265.334,0,0,0,0,0,0,0,0,0,0,0,0,writing
698.038,247.71,721.44,303.616,577.193,291.856,565.484,568.401,591.917,745.022,877.455,318.256,903.872,606.693,765.74,739.085,718.624,765.62,624.306,756.809,0,0,0,0,824.502,777.376,0,0,0,0,665.528,200.501,742.117,203.53,624.304,177.026,803.857,177.034,0,0,0,0,0,0,0,0,0,0,0,0,writing
1068.92,256.616,889.417,362.525,695.058,374.312,524.388,759.87,774.562,883.566,1092.5,338.953,1163.16,574.508,1330.78,642.112,930.555,971.764,818.705,995.333,0,0,0,0,1089.49,918.792,0,0,0,0,1018.87,197.775,1107.21,200.731,883.61,168.28,0,0,0,0,0,0,0,0,0,0,0,0,0,0,writing
765.591,362.392,674.49,456.504,621.522,480.264,668.535,739.087,853.835,762.536,739.004,424.3,759.782,583.17,809.682,671.548,668.421,815.637,630.277,848.001,768.591,956.863,0,0,700.902,792.091,836.268,945.09,0,0,742.241,335.963,768.62,335.971,668.491,327.195,0,0,0,0,0,0,0,0,0,0,0,0,0,0,writing
706.752,247.791,730.257,312.353,580.204,294.807,574.246,565.468,586.124,745.076,880.377,321.24,904.022,609.695,768.602,742.037,733.223,771.505,630.256,765.596,0,0,0,0,836.176,783.224,0,0,0,0,671.36,200.692,745.067,206.468,627.337,180.009,812.608,182.962,0,0,0,0,0,0,0,0,0,0,0,0,writing
736.334,383.1,1021.81,409.594,836.383,341.968,0,0,0,0,1277.9,439.065,1336.73,821.679,1118.96,912.864,0,0,0,0,0,0,0,0,0,0,0,0,0,0,718.667,318.429,786.307,344.842,0,0,960.032,300.729,0,0,0,0,0,0,0,0,0,0,0,0,writing
650.924,159.486,530.307,388.911,362.495,344.832,315.431,824.467,695.022,856.839,697.919,427.22,742.063,659.663,765.638,780.353,512.567,1027.5,377.153,1042.22,0,0,0,0,0,0,0,0,0,0,615.516,82.7964,691.912,124.018,491.897,80.0232,0,0,0,0,0,0,0,0,0,0,0,0,0,0,writing
1104.17,362.629,886.383,403.723,703.944,377.216,639.177,753.972,1030.63,827.516,1095.3,436.143,1130.68,645.106,1239.62,677.416,0,0,0,0,0,0,0,0,0,0,0,0,0,0,1069.01,309.478,1142.37,318.378,930.719,241.777,0,0,0,0,0,0,0,0,0,0,0,0,0,0,writing
739.223,388.982,1018.87,412.517,842.264,356.642,0,0,0,0,1280.8,442.025,1327.88,833.386,1118.92,921.685,968.798,1074.81,0,0,0,0,0,0,0,0,0,0,0,0,724.57,335.949,786.373,359.533,0,0,971.703,312.513,0,0,0,0,0,0,0,0,0,0,0,0,writing
1095.38,368.366,886.452,409.59,701.023,383.129,642.085,765.706,1036.49,830.541,1092.51,439.046,1127.8,647.966,1239.58,677.407,0,0,0,0,0,0,0,0,0,0,0,0,0,0,1065.86,312.491,1139.42,321.33,927.736,244.669,0,0,0,0,0,0,0,0,0,0,0,0,0,0,writing
765.634,362.477,677.376,453.701,621.429,480.246,668.546,739.026,853.872,759.738,739.218,421.292,759.74,577.337,806.868,671.431,668.544,812.661,630.29,845.031,783.24,945.133,0,0,712.6,786.255,0,0,0,0,744.979,336.011,768.548,336.002,668.544,324.213,0,0,0,0,0,0,0,0,0,0,0,0,0,0,writing
768.599,362.314,812.793,288.813,633.195,218.252,609.65,509.625,621.452,789.257,1006.9,356.604,980.508,647.861,806.768,800.962,765.597,736.192,671.436,697.939,0,0,0,0,865.683,792.105,0,0,0,0,742.048,318.329,812.594,335.979,694.991,274.168,909.83,271.185,0,0,0,0,0,0,0,0,0,0,0,0,writing
765.551,359.537,677.373,453.673,621.471,480.214,668.477,739.074,853.892,756.744,739.2,421.265,759.77,580.21,809.628,671.523,665.536,812.796,627.271,850.904,774.449,939.23,0,0,700.892,789.221,836.22,918.62,0,0,742.237,335.903,765.759,335.933,668.476,330.034,0,0,0,0,0,0,0,0,0,0,0,0,0,0,writing
1036.55,265.34,871.677,365.548,668.639,389.018,506.821,780.465,768.758,883.411,1080.63,335.954,1160.08,571.504,1330.76,642.044,930.599,980.604,812.802,1004.15,0,0,0,0,0,0,0,0,0,0,977.7,206.479,1071.75,203.525,845.246,174.206,0,0,0,0,0,0,0,0,0,0,0,0,0,0,writing
653.768,156.445,530.3,386.084,362.515,341.949,312.446,821.498,700.886,859.735,697.908,424.297,742.156,659.687,765.588,783.307,515.479,1033.43,374.234,1042.22,0,0,0,0,0,0,0,0,0,0,621.29,79.9067,692.025,118.189,497.815,79.8421,0,0,0,0,0,0,0,0,0,0,0,0,0,0,writing
656.749,159.39,530.244,388.908,362.508,344.79,315.322,818.581,700.849,856.744,697.893,427.156,742.085,677.356,765.555,783.3,512.538,1048.1,377.151,1042.22,0,0,0,0,659.672,1033.39,0,0,0,0,621.316,79.9415,692.149,121.141,500.743,76.898,0,0,0,0,0,0,0,0,0,0,0,0,0,0,writing
650.888,156.512,530.217,386.031,362.509,341.875,312.428,815.674,697.933,859.684,695.088,424.215,741.986,647.96,765.643,789.23,0,0,0,0,0,0,0,0,0,0,0,0,0,0,618.52,79.9333,691.987,121.148,494.868,79.8933,0,0,0,0,0,0,0,0,0,0,0,0,0,0,writing
739.184,389.003,1012.98,412.601,821.678,356.623,0,0,0,0,1280.84,453.718,1327.93,827.574,1118.97,921.742,959.982,1074.82,0,0,0,0,0,0,0,0,0,0,0,0,718.724,333.043,786.353,359.494,0,0,965.92,312.502,0,0,0,0,0,0,0,0,0,0,0,0,writing
736.295,386.036,1027.71,412.577,842.257,347.848,0,0,0,0,1277.86,447.852,1327.96,824.609,1121.86,915.893,0,0,0,0,0,0,0,0,0,0,0,0,0,0,715.738,321.305,786.257,341.965,0,0,960.038,303.666,0,0,0,0,0,0,0,0,0,0,0,0,writing
721.556,327.122,656.767,385.9,536.042,412.515,547.824,715.598,718.462,815.735,783.288,344.872,812.647,565.458,806.863,712.616,694.917,786.16,612.552,806.783,0,0,0,0,774.414,765.605,0,0,0,0,691.913,291.908,750.897,282.987,609.701,268.18,0,0,0,0,0,0,0,0,0,0,0,0,0,0,writing
1092.42,247.855,898.136,362.604,706.883,368.464,527.241,745.121,780.401,883.572,1092.53,344.826,1168.99,577.344,1330.83,642.047,907.052,971.762,0,0,0,0,0,0,0,0,0,0,0,0,1045.37,191.736,1124.81,197.765,907.093,156.437,0,0,0,0,0,0,0,0,0,0,0,0,0,0,writing
650.872,159.413,533.107,388.918,362.496,344.803,315.362,818.574,706.755,859.785,697.953,427.211,742.136,647.913,765.687,786.16,509.593,1036.35,374.256,1045.16,0,0,0,0,0,0,0,0,0,0,612.607,80.0419,691.924,124.059,489.051,80.0497,0,0,0,0,0,0,0,0,0,0,0,0,0,0,writing
648.012,271.243,477.224,397.758,400.727,474.257,0,0,0,0,583.147,327.161,633.216,415.422,718.601,544.894,488.992,789.144,0,0,0,0,0,0,0,0,0,0,0,0,662.61,224.191,0,0,580.264,235.917,0,0,0,0,0,0,0,0,0,0,0,0,0,0,writing
721.545,335.946,659.619,388.848,533.174,418.325,547.903,718.496,709.7,824.431,786.075,353.581,812.78,565.481,806.856,715.597,691.964,783.295,606.674,800.912,0,0,0,0,768.555,765.624,0,0,0,0,691.928,294.911,745.098,291.673,606.671,280.075,0,0,0,0,0,0,0,0,0,0,0,0,0,0,writing
739.22,389.099,1018.86,412.592,836.335,353.684,0,0,0,0,1280.82,456.646,1336.72,833.455,1118.93,924.638,974.656,1074.83,0,0,0,0,0,0,0,0,0,0,0,0,721.626,335.958,786.285,359.495,0,0,971.722,312.494,0,0,0,0,0,0,0,0,0,0,0,0,writing
739.198,380.217,1051.24,415.488,839.346,341.949,0,0,0,0,1277.9,436.107,1330.85,824.605,1118.9,909.937,0,0,0,0,0,0,0,0,0,0,0,0,0,0,721.608,315.553,786.37,341.909,0,0,971.825,294.878,0,0,0,0,0,0,0,0,0,0,0,0,writing
768.543,362.378,812.713,285.898,627.383,221.174,609.631,530.164,618.416,792.16,1003.99,350.668,977.549,647.901,800.938,800.936,768.539,703.825,674.395,674.413,0,0,0,0,862.736,721.455,0,0,0,0,742.013,318.451,812.584,338.808,0,0,906.881,268.27,0,0,0,0,0,0,0,0,0,0,0,0,writing
765.727,362.494,812.771,285.93,624.396,215.344,606.69,530.142,618.485,792.055,1001.05,362.376,977.472,647.901,792.195,806.738,762.642,715.572,662.647,683.206,0,0,0,0,856.824,724.435,0,0,0,0,739.148,321.363,812.599,338.868,686.204,271.173,909.808,271.217,0,0,0,0,0,0,0,0,0,0,0,0,writing
1107.16,244.751,910.009,356.621,721.563,359.579,524.327,727.517,771.604,880.425,1104.2,344.919,1174.87,577.403,1330.87,642.041,892.294,977.653,771.63,974.71,0,0,0,0,0,0,0,0,0,0,1062.94,180.151,1142.35,197.669,927.668,150.659,0,0,0,0,0,0,0,0,0,0,0,0,0,0,writing
1021.89,268.247,865.786,365.554,662.724,391.978,503.814,789.236,765.725,883.411,1071.94,330.151,1157.14,571.462,1327.92,642.126,933.498,992.39,0,0,0,0,0,0,0,0,0,0,0,0,965.882,209.49,1065.87,203.563,833.553,180.031,0,0,0,0,0,0,0,0,0,0,0,0,0,0,writing
650.922,277.182,462.555,385.941,341.91,444.85,0,0,0,0,591.947,321.298,641.949,412.542,721.503,539.025,0,0,0,0,0,0,0,0,0,0,0,0,0,0,665.586,227.149,0,0,571.386,215.316,0,0,0,0,0,0,0,0,0,0,0,0,0,0,writing
653.848,274.172,483.102,383.073,362.42,459.561,0,0,0,0,586.123,321.226,644.886,415.447,721.496,539.082,0,0,0,0,0,0,0,0,0,0,0,0,0,0,677.39,218.238,0,0,597.9,206.519,0,0,0,0,0,0,0,0,0,0,0,0,0,0,writing
645.025,280.074,494.863,386.014,424.249,433.039,0,0,0,0,594.892,335.937,639.027,415.49,718.668,541.986,521.371,739.141,512.543,759.708,0,0,0,0,562.543,706.76,0,0,0,0,653.787,227.172,0,0,571.364,238.847,0,0,0,0,0,0,0,0,0,0,0,0,0,0,writing
739.33,383.179,1033.59,409.56,839.298,339.034,0,0,0,0,1280.85,441.995,1333.8,824.575,1118.95,909.965,0,0,0,0,0,0,0,0,0,0,0,0,0,0,721.625,318.333,786.459,341.832,0,0,974.573,294.829,0,0,0,0,0,0,0,0,0,0,0,0,writing
809.961,285.914,768.792,368.432,530.248,344.925,315.404,636.216,506.674,721.668,1021.82,391.949,1083.59,600.92,1115.98,659.793,727.468,951.134,595.005,927.619,0,0,0,0,0,0,0,0,0,0,762.896,221.148,877.5,241.814,695.133,183.006,936.48,247.753,0,0,0,0,0,0,0,0,0,0,0,0,writing
650.896,277.114,497.809,383.011,415.473,456.57,0,0,0,0,583.184,315.409,641.933,412.501,718.665,541.979,0,0,0,0,0,0,0,0,0,0,0,0,0,0,0,0,0,0,597.819,244.761,0,0,0,0,0,0,0,0,0,0,0,0,0,0,writing
739.321,386.001,1024.79,409.592,833.466,341.973,0,0,0,0,1280.86,439.059,1333.82,824.638,1121.94,912.93,977.612,1074.83,0,0,0,0,0,0,0,0,0,0,0,0,718.676,318.519,786.351,344.886,0,0,971.713,297.742,0,0,0,0,0,0,0,0,0,0,0,0,writing
650.911,159.433,530.192,388.922,359.529,344.875,312.449,821.508,695.04,856.904,695.064,424.215,745.023,653.762,765.723,777.381,515.506,1024.61,383.051,1039.3,0,0,0,0,0,0,0,0,0,0,612.54,80.0526,688.991,121.16,488.961,79.8785,0,0,0,0,0,0,0,0,0,0,0,0,0,0,writing
809.983,285.991,771.654,368.436,530.252,347.852,315.389,639.141,506.677,721.622,1021.79,391.938,1080.71,600.951,1116.04,665.67,730.446,954.092,595.037,930.589,0,0,0,0,0,0,0,0,0,0,762.868,221.167,877.563,241.878,695.163,174.205,939.373,250.673,0,0,0,0,0,0,0,0,0,0,0,0,writing
765.662,362.31,680.249,450.724,621.444,477.214,668.614,736.176,853.903,759.772,741.955,418.419,762.531,580.184,809.74,671.395,668.479,812.794,627.339,850.93,786.165,948.05,0,0,709.724,789.18,853.903,909.839,0,0,745.032,335.863,768.615,335.911,671.316,321.374,0,0,0,0,0,0,0,0,0,0,0,0,0,0,writing
812.741,280.152,771.626,365.53,527.386,347.796,312.472,630.385,506.67,718.74,1021.71,389.029,1083.65,597.968,1115.98,659.773,727.5,933.519,597.965,918.788,0,0,0,0,0,0,0,0,0,0,765.657,218.243,877.576,238.947,698.051,179.996,942.369,244.867,0,0,0,0,0,0,0,0,0,0,0,0,writing
703.774,247.717,721.491,306.52,577.193,294.673,568.451,568.424,583.181,742.19,880.284,318.248,903.852,606.679,765.721,739.121,718.615,765.581,624.308,756.754,0,0,0,0,827.41,774.434,0,0,0,0,668.365,200.634,742.099,203.559,624.235,177.142,806.71,179.992,0,0,0,0,0,0,0,0,0,0,0,0,writing
721.543,335.863,659.679,386.082,536.039,418.402,550.676,718.483,715.639,818.589,786.126,347.751,815.589,562.585,809.596,715.505,692.134,786.223,609.635,806.786,0,0,0,0,774.481,768.535,0,0,0,0,691.947,294.79,747.952,288.796,612.54,271.258,0,0,0,0,0,0,0,0,0,0,0,0,0,0,writing
809.928,285.981,774.552,371.334,530.275,350.708,315.396,639.192,506.687,721.646,1021.71,389.106,1083.58,598.057,1115.95,659.75,721.614,954.111,597.965,933.529,0,0,0,0,0,0,0,0,0,0,762.902,218.259,877.537,241.842,698.073,185.918,936.505,247.78,0,0,0,0,0,0,0,0,0,0,0,0,writing
653.844,159.411,530.297,386.097,362.525,344.801,312.376,815.668,697.97,859.781,695.102,424.27,742.075,653.764,765.541,783.287,509.612,1027.51,368.383,1042.2,0,0,0,0,0,0,0,0,0,0,621.316,80.0596,691.995,124.08,497.848,79.9169,0,0,0,0,0,0,0,0,0,0,0,0,0,0,writing
721.561,330.131,662.575,385.867,536.044,412.513,547.891,715.598,715.62,815.727,786.168,344.769,812.723,562.615,809.603,712.625,694.908,786.161,606.748,803.89,0,0,0,0,774.416,765.65,0,0,0,0,691.947,291.966,750.923,283.033,612.633,268.194,0,0,0,0,0,0,0,0,0,0,0,0,0,0,writing
650.841,274.178,486.063,383.026,418.336,444.827,0,0,0,0,586.132,315.417,639.099,409.51,718.614,533.239,509.588,733.248,506.682,742.092,0,0,0,0,0,0,0,0,0,0,0,0,0,0,618.443,200.573,0,0,0,0,0,0,0,0,0,0,0,0,0,0,writing
736.358,388.96,1024.75,415.474,833.472,344.862,0,0,0,0,1274.94,450.833,1330.83,830.502,1118.91,918.814,0,0,0,0,0,0,0,0,0,0,0,0,0,0,718.602,327.224,786.277,359.612,0,0,962.973,306.538,0,0,0,0,0,0,0,0,0,0,0,0,writing
765.647,362.446,677.331,453.695,621.441,480.181,668.5,739.04,853.838,762.563,739.133,424.209,759.712,577.31,809.692,671.529,668.442,812.713,627.376,848.009,783.261,939.237,0,0,706.729,789.112,853.864,909.8,0,0,744.963,336.014,768.565,336.01,668.623,327.155,0,0,0,0,0,0,0,0,0,0,0,0,0,0,writing
650.927,159.421,533.09,386.073,365.348,344.789,315.308,818.606,712.651,859.784,695.061,421.324,742.161,647.9,768.527,789.215,521.365,1021.63,383.066,1042.23,0,0,0,0,0,0,0,0,0,0,618.369,82.8335,691.913,124.019,491.956,82.8161,0,0,0,0,0,0,0,0,0,0,0,0,0,0,writing
653.787,159.42,530.333,388.882,365.341,341.902,312.454,824.483,697.935,856.897,697.908,427.239,742.092,659.661,765.587,786.189,0,0,0,0,0,0,0,0,0,0,0,0,0,0,621.307,80.0335,692.03,124.06,497.813,79.816,0,0,0,0,0,0,0,0,0,0,0,0,0,0,writing
1095.39,365.423,886.398,406.642,703.969,380.142,645.129,765.717,1045.36,821.658,1092.44,436.115,1127.78,648.008,1239.68,677.459,0,0,0,0,0,0,0,0,0,0,0,0,0,0,1063.02,309.512,1139.52,318.406,930.467,241.767,0,0,0,0,0,0,0,0,0,0,0,0,0,0,writing
650.897,277.153,462.516,400.723,353.652,491.939,0,0,0,0,580.247,318.318,639.023,409.599,721.472,539.002,0,0,0,0,0,0,0,0,0,0,0,0,0,0,668.456,224.224,0,0,591.955,230.017,0,0,0,0,0,0,0,0,0,0,0,0,0,0,writing
765.654,359.493,674.474,453.625,621.5,480.141,671.352,738.982,853.88,759.69,738.995,418.352,762.531,577.272,809.671,668.5,668.475,812.729,630.218,845.094,768.54,962.759,0,0,709.659,789.144,853.859,951.01,0,0,744.972,332.993,768.593,335.865,668.615,327.128,0,0,0,0,0,0,0,0,0,0,0,0,0,0,writing
1092.55,371.333,883.46,406.683,703.929,383.112,639.151,768.671,1039.44,821.665,1092.4,436.102,1130.68,648.072,1242.6,677.521,818.711,983.542,683.331,1001.2,0,0,0,0,0,0,0,0,0,0,1062.96,312.52,1139.45,318.503,930.483,244.661,0,0,0,0,0,0,0,0,0,0,0,0,0,0,writing
706.722,250.691,727.307,309.459,577.34,291.921,571.393,565.469,592.03,750.879,880.35,318.404,903.977,612.561,768.581,739.246,733.21,765.606,627.375,750.925,0,0,0,0,833.354,774.427,0,0,0,0,668.609,200.628,742.228,203.53,624.358,182.957,809.675,182.918,0,0,0,0,0,0,0,0,0,0,0,0,writing
644.972,283.01,450.751,424.269,368.375,591.989,506.63,912.787,806.749,821.544,583.138,324.233,639.027,415.476,718.571,541.988,0,0,0,0,0,0,0,0,0,0,0,0,0,0,653.739,230.008,0,0,574.31,241.761,0,0,0,0,0,0,0,0,0,0,0,0,0,0,writing
647.945,285.899,497.817,386.014,409.475,462.55,0,0,0,0,591.989,321.288,647.995,433.046,721.452,544.868,486.087,783.285,0,0,0,0,0,0,0,0,0,0,0,0,665.52,224.187,0,0,577.281,241.777,0,0,0,0,0,0,0,0,0,0,0,0,0,0,writing
809.991,285.991,780.405,368.454,530.314,350.709,312.495,639.175,506.81,718.784,1021.84,389.099,1083.62,600.919,1116.05,662.743,724.551,945.253,595.055,924.689,0,0,0,0,0,0,0,0,0,0,762.891,221.105,877.579,244.614,695.199,180.123,939.366,250.68,0,0,0,0,0,0,0,0,0,0,0,0,writing
1021.72,268.284,865.852,368.392,662.716,391.99,503.853,786.383,765.756,880.513,1074.81,335.997,1157.15,574.326,1327.94,642.127,930.606,971.771,0,0,0,0,0,0,1083.61,918.797,0,0,0,0,960.072,209.474,1060.05,203.693,833.416,188.852,0,0,0,0,0,0,0,0,0,0,0,0,0,0,writing
721.547,330.076,656.758,385.893,533.112,412.504,547.79,718.527,718.471,818.575,786.079,344.825,812.579,568.399,806.775,715.609,692.09,789.099,606.69,809.721,0,0,0,0,771.499,771.492,0,0,0,0,691.908,291.936,747.988,283,606.73,268.161,0,0,0,0,0,0,0,0,0,0,0,0,0,0,writing
765.645,356.514,677.406,453.58,621.457,480.068,668.603,736.224,853.796,759.656,739.239,418.431,759.758,577.243,809.675,668.581,668.478,812.782,630.209,848.003,777.414,945.128,0,0,709.67,789.186,847.999,921.562,0,0,745.051,330.116,768.616,333.025,671.379,321.294,0,0,0,0,0,0,0,0,0,0,0,0,0,0,writing
768.538,362.543,812.786,285.939,627.282,218.282,606.671,530.266,618.489,789.187,1001.06,356.535,974.635,647.978,792.181,803.86,783.227,721.458,677.358,694.969,0,0,0,0,880.419,777.365,0,0,0,0,741.984,321.332,812.604,338.983,680.238,265.367,906.919,274.21,0,0,0,0,0,0,0,0,0,0,0,0,writing
765.544,362.307,815.654,285.967,624.454,212.343,603.839,530.179,612.592,789.109,1001.12,359.461,974.512,647.848,792.054,806.751,765.618,706.772,668.558,680.298,594.962,871.584,0,0,859.752,724.433,0,0,0,0,739.026,318.225,809.637,335.935,0,0,906.8,274.181,0,0,0,0,0,0,0,0,0,0,0,0,writing
650.8,159.38,530.218,388.858,359.521,344.867,309.502,815.684,709.681,859.714,694.995,418.393,744.992,659.69,765.663,777.425,506.672,1024.58,371.312,1039.27,0,0,0,0,0,0,0,0,0,0,609.672,82.8254,686.195,121.082,486.09,82.8354,0,0,0,0,0,0,0,0,0,0,0,0,0,0,writing
809.996,280.113,774.573,365.565,530.28,344.829,312.425,636.256,506.834,721.577,1018.9,388.933,1083.63,597.979,1113.03,656.848,724.55,945.263,592.104,918.814,0,0,0,0,0,0,0,0,0,0,765.694,215.383,877.538,235.988,698.047,182.961,939.449,247.691,0,0,0,0,0,0,0,0,0,0,0,0,writing
765.676,362.312,815.592,280.038,624.355,212.339,603.784,524.326,615.495,783.198,998.161,347.76,974.553,647.831,792.15,800.952,765.599,718.52,668.495,686.157,0,0,0,0,874.464,797.962,0,0,0,0,739.224,315.443,809.817,333.021,0,0,903.97,271.228,0,0,0,0,0,0,0,0,0,0,0,0,writing
765.67,362.363,677.304,456.507,621.465,480.212,668.557,739.112,853.913,762.558,739.134,427.181,762.54,580.23,809.636,671.583,668.427,815.609,627.324,850.897,768.545,962.77,0,0,706.755,789.24,845.049,942.19,0,0,745.097,335.875,771.532,335.901,668.586,321.355,0,0,0,0,0,0,0,0,0,0,0,0,0,0,writing
644.907,288.848,486.046,397.737,409.598,459.62,0,0,0,0,594.922,338.805,647.854,433.055,718.668,547.813,533.167,745.027,524.325,771.499,0,0,0,0,577.251,712.646,0,0,0,0,650.826,238.817,0,0,565.488,235.893,0,0,0,0,0,0,0,0,0,0,0,0,0,0,writing
718.591,335.989,653.837,388.916,533.177,424.213,547.85,718.539,712.572,824.463,783.242,347.788,812.762,565.478,806.818,715.57,694.928,786.233,612.561,803.87,0,0,0,0,777.405,768.601,0,0,0,0,689.109,297.667,742.179,291.749,603.869,274.133,0,0,0,0,0,0,0,0,0,0,0,0,0,0,writing
1104.23,362.646,883.573,397.805,706.86,374.302,642.119,756.928,1033.58,818.703,1092.51,436.008,1124.86,639.149,1239.62,674.586,815.768,1007.1,695.075,1010.04,0,0,0,0,0,0,0,0,0,0,1071.75,309.501,1142.39,318.371,933.549,238.901,0,0,0,0,0,0,0,0,0,0,0,0,0,0,writing
700.857,244.84,718.659,300.696,574.416,291.768,565.451,562.555,589.018,742.001,877.428,315.4,903.865,606.675,765.71,739,718.607,765.65,624.324,759.755,0,0,0,0,824.474,777.364,0,0,0,0,668.423,197.723,742.13,200.768,624.28,174.134,803.867,177.164,0,0,0,0,0,0,0,0,0,0,0,0,writing
1048.21,262.395,880.572,365.49,677.446,386.058,515.611,768.68,768.744,886.401,1086.59,338.873,1163.06,571.438,1330.78,642.104,921.732,977.638,0,0,0,0,0,0,0,0,0,0,0,0,998.196,200.664,1089.51,200.649,862.909,174.042,0,0,0,0,0,0,0,0,0,0,0,0,0,0,writing
724.372,333.022,659.72,385.974,536.044,412.621,547.853,718.463,715.631,818.602,786.216,344.873,815.582,562.611,809.606,715.453,692.098,786.199,606.686,806.779,0,0,0,0,774.441,765.667,0,0,0,0,691.913,294.71,750.878,285.894,612.553,271.285,786.073,268.19,0,0,0,0,0,0,0,0,0,0,0,0,writing
810,285.938,771.657,368.449,530.301,344.93,315.426,633.276,503.747,718.768,1021.74,389.124,1083.6,600.892,1115.89,659.764,730.415,951.15,597.969,936.453,0,0,0,0,0,0,0,0,0,0,765.666,221.15,877.529,241.806,695.11,174.165,936.445,247.808,0,0,0,0,0,0,0,0,0,0,0,0,writing
765.601,362.439,677.309,453.655,621.427,480.173,668.436,739.094,850.992,762.503,739.115,421.301,762.526,580.261,809.618,671.514,668.463,812.643,630.238,842.165,774.447,950.998,0,0,706.792,786.281,853.884,915.682,0,0,742.161,335.975,768.51,335.975,668.493,324.274,0,0,0,0,0,0,0,0,0,0,0,0,0,0,writing
739.151,383.084,1024.78,412.533,836.4,341.906,0,0,0,0,1280.75,444.945,1327.94,821.675,1121.93,912.9,959.97,1074.82,0,0,0,0,0,0,0,0,0,0,0,0,718.657,318.434,786.3,344.858,0,0,960.047,300.708,0,0,0,0,0,0,0,0,0,0,0,0,writing
700.865,247.574,721.483,303.598,577.185,291.806,568.376,562.568,592.034,744.968,877.474,318.268,903.901,603.861,765.685,738.997,721.513,765.618,624.425,756.78,0,0,0,0,827.442,774.468,0,0,0,0,665.615,197.719,742.147,200.767,624.256,174.166,806.716,177.11,0,0,0,0,0,0,0,0,0,0,0,0,writing
Nose_x,Nose_y,Neck_x,Neck_y,RShoulder_x,RShoulder_y,RElbow_x,RElbow_y,RWrist_x,RWist_y,LShoulder_x,LShoulder_y,LElbow_x,LElbow_y,LWrist_x,LWrist_y,MidHip_x,MidHip_y,RHip_x,RHip_y,RKnee_x,RKnee_y,RAnkle_x,RAnkle_y,LHip_x,LHip_y,LKnee_x,LKnee_y,LAnkle_x,LAnkle_y,REye_x,REye_y,LEye_x,LEye_y,REar_x,REar_y,LEar_x,LEar_y,LBigToe_x,LBigToe_y,LSmallToe_x,LSmallToe_y,LHeel_x,LHeel_y,RBigToe_x,RBigToe_y,RSmallToe_x,RSmallToe_y,RHeel_x,RHeel_y,category
0,0,527.823,533.883,604.627,548.475,0,0,0,0,430.73,528.052,374.717,672.436,354.114,781.36,501.336,790.214,554.504,793.163,483.772,949.343,451.373,1076.1,436.654,790.229,418.953,934.675,398.323,1076.09,0,0,0,0,604.599,424.792,483.666,383.501,398.238,1076.07,389.409,1076.11,0,0,439.614,1076.09,0,0,0,0,bowing
0,0,53.4855,548.567,150.7,575.09,180.29,787.126,147.755,837.36,7.81775,522.058,0,0,0,0,7.78844,807.844,80.1128,828.469,174.422,860.899,127.176,952.255,0,0,0,0,0,0,0,0,0,0,171.335,445.446,53.577,398.328,0,0,0,0,0,0,189.103,925.745,183.155,934.555,124.22,975.84,bowing
0,0,433.72,660.521,507.479,654.663,516.181,580.942,0,0,357.047,666.391,324.585,769.659,339.382,837.312,430.6,837.369,474.925,837.371,442.518,931.653,430.597,1028.91,383.582,837.345,386.56,931.696,386.634,1025.93,0,0,0,0,507.338,583.975,407.123,554.557,392.478,1040.68,383.535,1037.72,389.468,1043.5,416.07,1034.78,433.737,1037.74,424.754,1043.61,bowing
0,0,7.80932,586.844,7.83352,560.391,0,0,0,0,0,0,0,0,0,0,171.429,681.171,200.837,651.783,197.977,860.936,168.468,975.906,141.901,707.678,147.733,869.774,130.042,1008.25,0,0,0,0,0,0,0,0,82.9452,978.849,80.0269,999.292,136.038,1025.89,103.703,955.095,109.58,952.277,174.421,996.392,bowing
0,0,68.2755,545.647,153.686,572.059,177.355,743.024,174.435,790.287,7.79911,521.988,0,0,0,0,0,0,0,0,0,0,0,0,0,0,0,0,0,0,0,0,0,0,177.343,436.68,71.2178,404.15,0,0,0,0,0,0,0,0,0,0,0,0,bowing
466.117,312.891,548.619,474.94,604.634,457.236,0,0,0,0,480.684,498.48,407.033,642.794,339.419,737.201,480.718,763.604,527.913,763.672,454.166,934.674,430.709,1076.11,433.631,760.763,389.377,955.095,389.514,1076.12,0,0,498.402,292.337,0,0,572.129,336.415,0,0,0,0,0,0,0,0,0,0,433.55,1076.13,bowing
183.208,224.387,312.852,377.655,345.317,348.205,0,0,0,0,274.527,409.947,265.593,604.585,247.987,766.706,336.464,663.502,363.028,645.857,342.413,834.373,342.467,975.817,312.825,678.21,312.838,860.842,339.302,1019.98,0,0,197.903,200.837,0,0,268.609,221.463,265.749,1014.13,268.656,1025.86,351.183,1028.82,274.596,969.875,289.194,961.055,365.77,981.831,bowing
480.654,321.759,545.588,486.669,604.621,474.931,0,0,0,0,474.863,510.286,401.212,625.127,339.287,719.472,460.172,763.596,507.431,763.69,436.731,943.389,418.873,1076.12,413.016,763.599,383.531,958.145,386.394,1076.12,0,0,501.455,312.728,0,0,569.144,354.122,0,0,0,0,0,0,0,0,0,0,0,0,bowing
474.853,315.761,551.436,480.665,604.627,457.239,0,0,0,0,483.695,504.396,407.151,625.293,339.455,722.475,474.908,760.747,525.019,760.73,451.264,943.406,430.552,1076.12,427.749,760.738,389.336,961.05,0,0,0,0,501.341,295.265,0,0,572.033,339.292,0,0,0,0,0,0,0,0,0,0,0,0,bowing
0,0,433.593,669.445,510.338,669.391,510.256,760.764,0,0,351.133,669.465,327.568,790.195,324.677,863.828,430.655,855.03,477.871,855.003,451.318,931.683,430.639,1037.74,383.519,857.856,386.418,928.654,386.408,967.021,0,0,0,0,507.341,598.675,404.183,563.31,0,0,0,0,0,0,415.984,1046.42,433.678,1046.41,424.776,1046.58,bowing
200.876,221.361,315.785,383.516,354.059,351.152,0,0,0,0,277.488,412.979,259.798,601.727,227.454,775.422,333.4,660.544,362.812,645.802,342.321,834.423,342.417,975.875,306.948,675.237,315.65,863.812,339.234,1022.86,0,0,221.445,195.021,0,0,289.241,224.539,262.763,1014.11,268.539,1025.87,348.285,1028.94,274.555,966.957,286.281,958.236,363.057,984.667,bowing
218.483,212.656,315.832,386.59,356.998,359.922,0,0,0,0,277.441,421.835,253.863,604.625,221.601,775.446,327.563,657.617,360.01,642.844,342.292,837.231,342.211,975.849,301.088,672.379,315.634,861.009,339.177,1022.88,0,0,233.257,189.097,0,0,301.065,230.375,262.705,1014.17,265.714,1025.93,348.223,1028.96,271.605,964.069,283.343,958.182,362.951,984.615,bowing
0,0,301.063,675.327,389.335,645.664,0,0,0,0,218.58,719.466,256.888,869.729,312.865,937.486,410.17,952.254,471.902,934.632,389.402,1055.41,0,0,354.125,969.95,324.606,1076.09,0,0,0,0,0,0,298.12,572.107,200.797,595.628,0,0,0,0,0,0,0,0,0,0,0,0,bowing
0,0,177.182,601.629,274.624,563.299,351.155,701.789,0,0,77.0121,645.845,130.235,790.159,0,0,292.242,893.311,362.858,866.815,342.294,772.509,0,0,224.417,928.607,283.341,913.936,365.741,1025.82,0,0,0,0,192.031,480.679,80.0225,516.198,386.37,1025.9,362.97,1028.83,374.735,1028.87,0,0,0,0,0,0,bowing
0,0,454.302,681.159,527.9,675.352,0,0,0,0,374.715,687.053,336.299,790.163,357.063,695.937,433.625,875.667,480.751,875.675,460.066,946.338,433.765,1046.6,386.448,875.624,386.44,961.098,389.507,996.411,0,0,0,0,510.224,607.557,413.078,578.024,401.213,1046.5,0,0,392.37,999.352,430.617,1049.43,436.687,1049.59,430.755,1052.48,bowing
0,0,318.651,666.477,410.116,631.06,442.535,725.403,0,0,224.434,695.96,244.906,852.009,0,0,386.53,931.71,442.446,928.601,363.024,1043.61,0,0,336.332,949.28,312.763,1076.08,0,0,0,0,0,0,336.419,530.859,227.474,551.625,0,0,0,0,0,0,0,0,0,0,0,0,bowing
0,0,312.832,516.138,418.892,530.809,413.159,734.211,389.451,887.433,200.856,504.422,136.015,687.066,136.049,810.809,245.117,828.502,315.774,840.315,312.805,1028.92,250.943,1076.03,177.199,813.813,174.31,1002.34,0,0,0,0,0,0,389.435,389.469,271.459,365.941,0,0,0,0,0,0,0,0,0,0,0,0,bowing
0,0,318.81,486.643,439.525,504.344,442.47,698.845,430.602,834.303,200.96,477.863,171.348,687.016,174.426,810.824,289.176,801.951,351.196,810.871,336.346,961.097,318.632,1076.11,221.407,796.113,247.941,952.269,271.656,1076.09,0,0,0,0,401.212,318.695,239.215,306.944,271.554,1076.15,0,0,274.5,1076.11,0,0,0,0,0,0,bowing
0,0,528,533.901,604.636,545.596,0,0,0,0,430.708,530.832,377.648,687.018,360.024,787.246,498.445,793.208,554.485,801.97,483.895,949.348,457.091,1076.1,433.766,793.114,424.807,937.496,404.148,1076.08,0,0,0,0,604.615,410.099,480.737,383.568,366.024,1037.7,365.802,1049.49,0,0,0,0,0,0,457.204,1076.13,bowing
0,0,454.269,675.373,524.922,672.428,0,0,0,0,383.51,678.239,339.201,787.339,354.062,695.909,436.506,869.789,480.916,869.748,460.219,955.171,436.495,1049.55,389.414,869.769,386.602,969.904,395.371,1076.02,0,0,0,0,507.423,607.462,413.066,578.043,0,0,0,0,0,0,430.669,1052.55,436.682,1076.03,433.597,1076.01,bowing
0,0,436.741,672.259,522.049,672.281,507.232,763.602,0,0,362.902,672.361,333.41,804.961,318.636,881.561,433.562,860.984,480.835,863.832,457.252,934.541,433.515,1043.56,383.604,860.972,383.504,949.266,389.344,1046.58,0,0,0,0,510.324,601.523,409.973,572.182,389.447,1049.38,383.584,1049.45,392.402,1049.59,415.957,1049.39,433.62,1049.44,430.606,1049.44,bowing
0,0,33.0285,560.389,130.221,586.909,180.263,784.321,0,0,7.81977,548.514,0,0,0,0,0,0,0,0,0,0,0,0,0,0,0,0,0,0,0,0,0,0,121.274,445.455,0,0,0,0,0,0,0,0,0,0,0,0,0,0,bowing
0,0,7.79477,545.638,50.5582,519.051,115.424,595.698,0,0,7.83247,580.958,32.8447,696.037,68.234,816.724,168.438,695.935,200.911,669.415,177.228,863.804,153.667,981.8,130.274,722.405,130.111,881.523,127.071,1017.05,0,0,0,0,0,0,0,0,74.1977,999.301,74.2078,1008.21,133.082,1028.81,100.628,961.167,103.645,961.108,159.649,999.488,bowing
0,0,168.474,595.642,274.536,548.595,321.714,666.374,0,0,56.5352,645.688,109.547,737.156,0,0,274.585,822.581,327.602,793.15,365.754,896.302,412.914,999.321,224.436,854.953,304.008,931.563,365.85,1025.96,0,0,0,0,174.205,439.508,53.4838,507.226,383.491,1040.62,362.957,1043.6,383.472,1037.68,386.427,981.704,392.375,978.759,418.931,1011.16,bowing
0,0,295.071,689.907,377.678,648.688,0,0,0,0,212.68,728.319,253.975,881.423,312.856,949.283,413.04,955.22,474.836,934.602,409.929,1052.43,0,0,359.929,978.802,339.416,1076.07,0,0,0,0,0,0,292.109,586.89,197.829,619.192,0,0,0,0,0,0,0,0,0,0,0,0,bowing
0,0,327.551,663.425,416.075,631.057,0,0,0,0,236.217,692.819,239.101,849.094,271.665,911.001,374.7,946.38,433.683,934.545,348.258,1022.93,0,0,318.813,958.133,303.978,1076.05,0,0,0,0,0,0,336.333,530.901,245.009,542.623,0,0,0,0,0,0,0,0,0,0,0,0,bowing
0,0,527.92,533.927,604.629,545.564,0,0,0,0,433.72,530.923,383.54,681.222,362.966,787.271,501.393,790.277,554.598,799.017,486.639,955.186,457.089,1076.1,436.679,790.246,424.861,946.292,404.123,1076.07,0,0,0,0,604.582,413.097,480.913,383.579,368.822,1034.75,365.841,1046.51,0,0,0,0,0,0,457.235,1076.13,bowing
0,0,59.5089,492.595,121.287,474.851,0,0,0,0,7.7894,516.102,29.8708,669.421,32.9726,793.138,133.096,716.548,174.392,698.838,127.272,846.221,133.109,987.652,100.719,734.157,80.1019,875.582,106.448,1023.08,0,0,0,0,0,0,7.8117,430.723,56.5472,1008.28,56.5525,1022.87,118.386,1037.67,79.9764,987.601,83.0105,981.767,144.913,1002.48,bowing
0,0,77.0188,489.632,130.061,471.966,0,0,0,0,6.35365,513.233,7.77684,660.522,0,0,127.194,716.44,168.438,695.946,124.288,852.073,133.066,990.576,88.8677,728.297,79.9885,878.62,103.671,1025.97,0,0,0,0,0,0,7.80626,412.971,56.4708,1011.23,56.5065,1023,112.522,1043.55,82.9969,990.523,86.0364,981.767,144.821,1005.31,bowing
0,0,321.653,492.581,445.433,507.302,454.309,695.842,436.637,816.684,200.904,483.65,174.36,693.004,186.118,793.131,292.311,796.067,362.876,804.925,339.234,975.727,315.755,1076.11,227.396,790.247,253.935,955.228,271.62,1076.1,0,0,0,0,407.112,336.394,242.048,301.061,0,0,0,0,274.515,1076.12,0,0,0,0,0,0,bowing
0,0,315.659,669.373,407.17,631.048,0,0,0,0,221.467,701.852,244.978,860.882,298.108,905.044,395.32,937.564,457.209,928.704,368.9,1049.48,0,0,342.223,955.167,315.861,1076.09,0,0,0,0,0,0,321.761,545.612,221.535,560.357,0,0,0,0,0,0,0,0,0,0,0,0,bowing
0,0,527.905,536.814,604.633,548.523,0,0,0,0,430.718,530.878,377.67,675.284,351.191,781.389,501.346,793.125,554.525,799.009,483.793,952.348,451.34,1076.1,436.619,793.123,421.831,943.38,398.294,1076.09,0,0,0,0,604.607,415.967,480.897,386.361,366.029,1028.97,0,0,0,0,0,0,0,0,0,0,bowing
0,0,527.902,533.93,604.633,545.595,0,0,0,0,433.509,530.902,380.586,684.139,362.906,787.34,501.344,790.282,554.54,796.126,483.822,955.202,454.171,1076.11,436.615,790.225,418.977,946.323,401.24,1076.09,0,0,0,0,604.611,410.118,480.762,386.387,366.01,1037.69,365.878,1055.47,0,0,0,0,0,0,0,0,bowing
218.593,212.69,318.85,392.4,362.945,362.965,0,0,0,0,283.379,430.641,253.884,607.513,221.374,772.545,321.66,669.31,354.118,648.818,339.455,852.074,342.257,978.851,295.263,681.175,301.008,863.94,330.551,1022.96,0,0,239.152,195.005,0,0,309.85,245.163,253.889,1020.03,262.726,1028.85,342.457,1034.76,271.569,964.014,277.527,958.201,362.919,993.552,bowing
0,0,174.415,598.753,277.51,557.354,345.35,692.947,0,0,68.2399,645.669,133.159,784.306,0,0,289.201,863.893,345.254,840.259,362.84,887.419,410.204,996.453,221.51,902.098,292.123,922.765,363.067,1025.88,0,0,0,0,183.187,460.161,62.3403,507.245,377.66,1025.91,359.951,1034.74,377.647,1034.78,374.726,969.951,380.601,969.923,416.071,1008.21,bowing
0,0,339.277,651.752,433.541,631.075,430.725,740.107,0,0,245.001,672.47,221.484,828.457,256.856,881.552,362.913,922.754,418.953,916.865,342.253,1005.37,360.039,1076.12,309.888,931.581,295.298,1076.07,0,0,0,0,0,0,362.86,522.043,271.487,533.811,0,0,0,0,0,0,0,0,0,0,0,0,bowing
106.606,374.736,245.105,386.532,289.223,354.051,0,0,0,0,203.81,416.022,274.551,598.717,312.771,754.851,386.455,639.913,412.998,613.43,359.966,804.919,342.254,961.081,362.829,660.539,339.298,852.008,339.328,1002.41,0,0,103.579,354.077,0,0,130.146,315.866,262.706,1002.39,268.687,1019.98,348.266,1022.86,271.632,955.131,286.335,949.356,363.034,975.76,bowing
433.648,333.489,527.974,457.073,604.601,442.468,0,0,0,0,457.2,463.222,389.596,631.039,345.364,757.784,504.32,766.572,557.365,763.697,463.1,940.49,433.615,1076.11,454.199,766.659,410.081,958.218,0,0,0,0,448.433,306.916,0,0,525.018,315.774,0,0,0,0,0,0,0,0,0,0,433.692,1076.13,bowing
0,0,527.927,531.034,604.637,536.79,0,0,0,0,430.644,530.852,374.714,689.939,362.834,787.279,498.413,790.195,554.457,793.185,483.859,955.113,457.069,1076.09,436.487,790.148,421.894,943.394,404.149,1076.07,0,0,0,0,604.6,410.021,477.835,380.543,368.785,1037.7,365.903,1049.5,0,0,0,0,0,0,0,0,bowing
0,0,32.8676,577.959,127.196,604.517,180.259,775.502,168.397,837.292,7.82782,557.461,0,0,0,0,35.8977,810.774,103.658,816.72,168.476,807.851,150.804,972.854,7.81565,813.768,0,0,0,0,0,0,0,0,106.689,457.217,0,0,0,0,0,0,0,0,197.894,937.561,197.925,952.173,147.749,993.438,bowing
451.269,321.644,542.685,460.09,604.633,451.281,0,0,0,0,466.087,474.912,404.182,628.089,342.322,754.862,492.569,763.714,548.555,763.622,457.237,940.508,430.693,1076.12,439.626,766.608,389.609,955.15,392.473,1076.12,0,0,471.953,295.238,0,0,551.59,315.871,0,0,0,0,0,0,0,0,0,0,0,0,bowing
0,0,7.79133,522.062,38.8395,492.555,121.299,563.316,0,0,7.83146,554.382,29.9889,695.93,59.4351,813.831,165.457,695.926,200.762,672.324,168.441,858.01,150.689,981.68,130.171,719.536,109.549,875.672,118.388,1017.09,0,0,0,0,0,0,0,0,62.3494,999.409,62.3365,1008.22,130.169,1028.87,91.8352,966.973,100.63,964.026,153.903,1002.24,bowing
0,0,32.9122,566.277,130.114,598.601,183.196,784.319,177.312,804.932,7.82688,551.458,0,0,0,0,0,0,0,0,0,0,0,0,0,0,0,0,0,0,0,0,0,0,118.312,457.171,0,0,0,0,0,0,0,0,0,0,0,0,0,0,bowing
460.289,312.879,551.579,466.09,604.649,457.247,0,0,0,0,477.88,483.82,404.228,642.861,342.312,743.007,483.782,763.644,536.773,763.634,457.062,943.391,430.698,1076.11,436.556,763.69,389.385,955.152,389.568,1076.12,0,0,486.787,292.276,0,0,566.207,324.604,0,0,0,0,0,0,0,0,0,0,430.683,1076.13,bowing
0,0,180.297,619.171,274.629,575.205,342.33,716.493,0,0,83.1094,660.512,136.086,801.976,0,0,306.908,910.999,374.691,881.601,351.111,790.222,386.61,955.223,242.113,943.411,0,0,0,0,0,0,0,0,198.003,504.458,91.8733,542.725,0,0,0,0,0,0,389.519,1017.1,418.89,999.399,395.385,978.789,bowing
477.764,324.673,548.603,480.879,604.631,463.18,0,0,0,0,477.821,507.308,401.251,625.126,339.304,719.426,460.231,760.717,510.27,763.666,436.681,943.444,418.882,1076.12,413.044,760.657,383.542,955.328,386.543,1076.12,0,0,498.46,309.923,0,0,566.287,345.232,0,0,0,0,0,0,0,0,0,0,0,0,bowing
0,0,527.851,533.908,604.63,548.515,0,0,0,0,430.621,527.969,371.744,672.34,348.181,775.486,486.723,793.113,548.569,796.129,480.903,949.301,451.275,1076.09,433.627,790.163,416.018,937.489,398.346,1076.09,0,0,0,0,604.602,416.014,480.88,383.451,366.024,1025.85,0,0,398.289,1076.11,0,0,0,0,451.304,1076.11,bowing
245.114,524.941,339.465,648.896,433.765,628.093,0,0,0,0,248.028,672.311,224.372,813.839,250.941,884.494,359.892,908.136,413.046,908.071,345.268,1017.04,362.91,1076.12,298.136,916.896,295.293,1076.02,0,0,0,0,248.169,507.243,0,0,292.119,530.897,0,0,0,0,0,0,0,0,0,0,0,0,bowing
0,0,315.628,507.223,418.953,516.122,427.754,722.388,409.962,875.655,200.838,495.556,139.04,675.267,144.828,810.743,247.912,825.545,315.774,837.379,318.714,1014.12,298.098,1076.1,177.338,813.815,221.469,987.587,268.553,1076.06,0,0,0,0,389.502,365.987,268.689,345.323,0,0,0,0,268.685,1076.05,0,0,0,0,0,0,bowing
0,0,315.839,489.66,433.575,504.459,436.715,704.747,424.842,837.471,197.985,483.631,159.615,690.01,168.424,825.581,271.699,810.84,342.333,822.577,321.783,978.798,315.816,1076.09,203.893,807.844,242.164,964.017,274.629,1076.09,0,0,0,0,392.429,327.601,245.096,312.759,0,0,0,0,277.485,1076.09,0,0,0,0,0,0,bowing
0,0,194.883,645.9,280.399,616.373,0,0,0,0,103.701,678.222,130.21,790.234,0,0,304.049,919.811,365.932,884.436,380.574,972.903,407.069,990.596,248,955.227,292.129,987.607,327.572,1023.05,0,0,0,0,221.45,574.977,127.231,598.708,380.55,1046.4,368.831,1040.7,348.181,1025.91,383.543,1031.82,392.368,1025.83,416.001,999.305,bowing
0,0,312.839,492.601,427.782,504.302,436.58,698.911,416.009,851.994,197.919,483.829,153.705,689.934,168.498,816.73,271.498,810.74,339.386,816.727,327.554,987.591,315.765,1076.1,200.822,804.9,242.045,975.798,274.507,1076.08,0,0,0,0,389.361,339.476,251.031,318.796,0,0,0,0,274.59,1076.09,0,0,0,0,0,0,bowing
109.475,306.926,283.321,371.763,318.771,342.391,0,0,0,0,245.053,401.267,271.628,586.838,286.332,745.974,362.901,651.673,389.481,634.047,362.847,840.328,345.261,975.723,339.238,669.332,324.627,858.028,339.379,1011.2,0,0,118.31,271.732,0,0,177.332,256.871,268.54,1008.27,271.525,1022.93,351.192,1025.91,283.375,958.214,292.293,955.189,365.93,981.78,bowing
0,0,35.7899,575.11,127.175,601.547,180.211,772.546,147.862,878.566,7.82426,557.463,0,0,0,0,47.6313,804.94,103.639,807.871,147.87,872.67,153.746,975.879,7.80071,810.782,41.7198,855.022,112.533,975.945,0,0,0,0,118.335,457.221,0,0,0,0,0,0,121.339,993.534,203.823,946.316,200.941,955.21,150.66,999.361,bowing
0,0,527.981,539.768,604.634,548.6,0,0,0,0,433.618,531.003,383.54,684.14,362.939,787.276,501.402,793.176,554.588,801.963,483.904,955.24,454.334,1076.1,436.688,793.119,424.806,949.236,404.128,1076.08,0,0,0,0,604.62,415.991,480.912,386.403,368.82,1037.72,365.861,1049.46,0,0,0,0,0,0,0,0,bowing
0,0,7.80125,572.055,44.6831,539.78,124.196,595.752,0,0,7.83204,604.524,35.8161,713.568,82.9678,825.549,171.307,692.928,200.871,663.465,189.092,860.879,156.747,978.737,133.137,719.399,138.954,878.568,127.187,1011.21,0,0,0,0,0,0,0,0,79.9166,987.599,77.1143,1002.27,133.105,1025.94,100.592,958.212,103.701,958.12,171.381,996.474,bowing
0,0,35.841,575.021,130.116,604.519,183.212,784.325,197.757,622.265,7.82276,554.42,0,0,0,0,53.5679,804.905,103.688,801.983,156.653,860.932,150.762,969.926,7.79395,819.652,50.5636,881.524,109.552,975.728,0,0,0,0,109.6,457.223,0,0,0,0,0,0,118.344,987.618,197.911,934.532,197.901,949.282,144.863,993.444,bowing
127.268,253.936,295.205,368.828,333.457,342.289,0,0,0,0,268.533,398.283,268.745,595.644,268.752,746.007,348.162,651.741,380.594,636.979,354.041,834.413,345.295,975.704,324.65,669.369,318.679,860.823,339.378,1017.09,0,0,144.838,230.284,0,0,218.517,230.328,265.676,1011.21,268.692,1023.07,354.065,1026.02,286.288,961.125,292.327,955.292,365.921,981.714,bowing
0,0,309.821,504.251,421.821,507.24,433.738,716.464,410.14,861.026,197.841,492.625,150.694,684.104,153.82,819.654,262.743,831.458,333.46,840.308,312.876,1076.03,309.869,1076.09,194.933,825.523,224.4,969.934,268.734,1076.06,0,0,0,0,389.356,357.002,262.727,336.407,0,0,0,0,271.551,1076.06,0,0,0,0,312.861,1076.1,bowing
0,0,442.554,681.131,524.926,672.441,0,0,0,0,365.794,689.921,327.56,810.861,327.54,837.399,433.592,866.814,480.848,869.756,457.271,946.395,433.632,1046.56,386.412,866.807,386.508,964.008,389.554,1049.5,0,0,0,0,507.461,604.61,410.079,578.01,0,0,0,0,395.364,1049.57,421.885,1049.56,433.735,1052.46,430.652,1052.42,bowing
0,0,289.296,692.992,365.941,660.589,410.032,731.258,0,0,206.712,728.284,248.063,881.581,309.894,964.006,412.997,964.05,469.056,946.31,421.909,1022.91,0,0,359.917,993.456,336.399,1076.04,0,0,0,0,0,0,274.556,601.714,194.915,642.799,0,0,0,0,0,0,0,0,0,0,0,0,bowing
0,0,436.514,669.421,516.132,669.447,507.384,760.713,0,0,360.008,669.379,333.436,790.265,318.623,875.63,430.657,855.056,480.664,855.037,454.176,943.388,430.728,1043.62,383.508,857.875,386.399,952.175,386.53,1046.47,0,0,0,0,510.22,598.694,407.1,569.157,386.351,1046.61,380.609,1049.5,389.478,1049.41,412.918,1049.4,430.625,1049.47,430.643,1049.45,bowing
0,0,38.883,548.459,141.933,577.938,177.453,784.216,153.692,819.65,7.81618,524.924,0,0,0,0,7.78699,810.808,77.1263,828.486,171.304,860.977,130.131,961.098,0,0,0,0,0,0,0,0,0,0,136.029,454.245,0,0,0,0,0,0,0,0,192.023,928.625,186.107,940.489,127.193,984.645,bowing
218.519,212.692,318.697,389.522,357.051,362.914,0,0,0,0,283.378,421.907,251.005,619.233,215.611,787.148,324.604,666.449,356.99,648.803,342.18,843.189,342.333,978.743,301.056,681.159,309.923,863.863,339.189,1023.07,0,0,236.277,194.926,0,0,309.837,242.135,259.855,1022.89,265.672,1028.91,348.22,1034.79,274.515,969.863,286.275,961.13,362.991,990.573,bowing
0,0,321.656,486.749,445.411,504.416,454.171,695.939,433.604,822.657,200.906,480.692,174.31,693.025,186.109,810.856,292.225,804.889,359.95,810.781,336.432,972.884,315.892,1076.12,227.348,799.014,250.931,955.134,271.614,1076.1,0,0,0,0,404.153,321.664,242.129,306.93,0,0,0,0,271.722,1076.12,0,0,0,0,0,0,bowing
0,0,171.363,598.579,274.518,548.512,315.883,651.757,0,0,59.5144,648.692,109.593,737.123,0,0,274.494,816.734,324.595,790.244,365.79,896.293,412.906,999.453,224.41,849.113,301.01,928.648,365.918,1028.84,0,0,0,0,168.396,433.686,56.5379,516.155,380.602,1037.69,362.93,1043.58,383.509,1043.49,386.507,981.682,392.396,978.793,416.047,1017.04,bowing
0,0,183.15,625.176,277.539,592.793,339.28,728.271,0,0,88.9386,666.466,133.147,790.228,0,0,301.038,916.854,371.737,884.55,354.086,804.913,407.064,984.715,242.13,952.188,283.411,969.941,321.675,1005.4,0,0,0,0,206.813,533.81,106.637,572.11,380.533,1046.64,365.846,1037.73,354.102,1019.98,0,0,0,0,410.136,1002.38,bowing
0,0,41.7233,533.928,141.955,575.073,180.311,787.221,0,0,7.81699,510.248,0,0,0,0,7.79153,813.8,82.9596,831.441,124.299,787.261,127.179,952.297,0,0,0,0,0,0,0,0,0,0,153.711,445.421,38.8775,386.436,0,0,0,0,0,0,192.057,925.706,183.186,934.635,121.276,978.767,bowing
0,0,0,0,0,0,0,0,0,0,0,0,0,0,0,0,153.81,707.721,195.026,687.022,150.771,858.036,144.9,996.422,124.297,731.209,100.616,872.639,109.496,1022.86,0,0,0,0,0,0,0,0,59.3312,1002.37,59.3196,1014.15,127.1,1031.86,83.0728,975.867,91.8163,975.756,153.626,1005.4,bowing
0,0,309.859,669.439,395.386,631.026,0,0,0,0,221.369,710.639,248.053,866.78,315.696,931.708,407.141,946.398,463.13,931.663,386.508,1049.38,0,0,345.303,964.049,318.885,1076.09,0,0,0,0,0,0,312.89,554.4,215.596,575.032,0,0,0,0,0,0,0,0,0,0,0,0,bowing
0,0,433.57,666.48,510.27,666.365,510.257,748.97,501.332,807.803,348.264,669.359,327.629,784.183,333.474,855.05,433.488,837.387,480.681,837.349,442.474,928.776,430.703,1028.95,386.394,837.427,386.481,928.658,389.346,1031.77,0,0,0,0,507.41,592.745,404.134,557.4,392.402,1043.59,383.472,1043.53,389.55,1046.45,418.97,1040.64,436.63,1040.66,427.706,1046.37,bowing
477.862,324.627,548.592,480.788,604.623,460.246,0,0,0,0,480.735,504.459,407.067,622.251,339.441,716.508,463.131,760.67,513.228,763.626,439.528,949.355,418.964,1076.12,415.985,757.742,386.403,964.093,0,0,0,0,501.359,306.989,0,0,572.036,342.433,0,0,0,0,0,0,0,0,0,0,0,0,bowing
0,0,200.976,663.511,286.352,639.925,345.217,769.62,0,0,124.27,692.94,136.011,796.063,0,0,298.197,910.999,362.936,881.496,412.926,999.494,0,0,245.094,943.411,292.157,1022.96,368.856,1031.79,0,0,0,0,224.495,601.525,0,0,380.62,1046.49,0,0,386.57,1025.96,0,0,0,0,0,0,bowing
0,0,436.697,678.207,524.9,675.226,507.363,769.591,0,0,362.817,681.188,330.505,810.727,318.7,869.738,433.534,863.911,480.839,863.932,457.264,943.388,433.571,1046.39,383.582,866.781,383.489,952.223,389.417,1005.27,0,0,0,0,510.282,601.691,410.175,572.091,0,0,0,0,0,0,418.918,1046.59,433.661,1049.45,430.602,1049.52,bowing
0,0,339.322,501.336,457.205,516.125,457.199,698.829,439.585,816.696,218.444,483.631,192.012,675.292,192.001,784.31,295.26,790.233,363.026,801.936,339.245,972.902,315.824,1076.11,233.298,787.247,259.817,955.197,271.534,1076.11,0,0,0,0,410.192,339.285,233.293,324.659,0,0,0,0,277.488,1076.13,0,0,0,0,0,0,bowing
0,0,0,0,0,0,0,0,0,0,0,0,0,0,0,0,0,0,612.607,317.648,610.058,337.255,606.082,352.886,0,0,0,0,0,0,0,0,0,0,0,0,0,0,0,0,0,0,0,0,608.709,355.507,608.683,355.503,604.808,354.215,bowing
0,0,171.293,595.714,271.713,551.446,339.205,666.411,0,0,59.4472,642.778,127.203,766.533,0,0,289.178,857.934,342.246,831.458,359.943,884.562,410.145,996.401,221.521,887.46,303.964,931.678,365.868,1025.95,0,0,0,0,174.47,451.279,56.4871,504.426,380.538,1028.89,362.881,1034.78,380.591,1037.66,374.745,975.77,380.601,972.9,418.864,1005.36,bowing
0,0,7.82656,601.565,0,0,0,0,0,0,7.83114,645.808,38.9216,719.575,103.641,834.28,174.329,675.304,200.901,648.734,200.826,857.973,174.212,975.681,147.87,704.709,150.87,860.991,130.246,1002.47,0,0,0,0,0,0,0,0,83.1412,978.784,82.9657,996.365,141.932,1023,106.668,952.281,118.327,952.189,177.373,990.597,bowing
0,0,527.815,533.902,604.626,548.545,0,0,0,0,430.703,527.947,374.705,672.339,354.034,775.481,498.423,790.243,554.433,796.071,483.697,943.444,454.166,1076.09,436.535,790.188,418.872,934.639,404.155,1076.09,0,0,0,0,604.604,418.932,480.916,383.483,0,0,0,0,0,0,0,0,0,0,454.214,1076.11,bowing
0,0,38.8857,554.348,133.086,580.962,177.432,772.53,165.492,807.908,7.8174,530.924,0,0,0,0,0,0,0,0,0,0,0,0,0,0,0,0,0,0,0,0,0,0,127.203,451.37,7.78844,410.064,0,0,0,0,0,0,0,0,0,0,0,0,bowing
477.858,318.639,551.502,477.851,604.632,457.216,0,0,0,0,480.87,504.416,410.041,622.279,339.411,719.415,466.089,760.649,519.127,760.743,439.62,940.485,421.907,1076.12,418.98,754.826,386.605,961.154,0,0,0,0,504.241,298.124,0,0,572.102,342.17,0,0,0,0,0,0,0,0,0,0,0,0,bowing
0,0,47.6397,495.548,100.607,471.962,0,0,0,0,7.79992,516.202,29.8936,672.262,44.7443,807.871,147.871,713.561,183.214,693.002,133.089,854.936,136.029,993.499,109.5,728.323,85.933,872.645,106.591,1022.96,0,0,0,0,0,0,0,0,59.444,1008.23,59.4058,1020.05,124.155,1034.76,83.0587,981.674,0,0,150.612,1005.37,bowing
85.9012,342.296,271.517,380.593,315.815,351.139,0,0,0,0,224.535,407.114,277.448,598.66,301.119,781.325,371.749,648.722,404.217,628.089,362.861,834.372,345.221,972.849,348.158,666.437,336.395,858.04,339.322,1005.36,0,0,85.9834,312.791,0,0,156.756,271.684,265.738,1005.31,271.532,1020.05,348.271,1023.03,283.356,955.258,292.263,952.3,365.899,978.934,bowing
0,0,451.376,669.429,516.155,672.382,513.165,763.598,0,0,383.503,666.464,342.324,760.739,357.08,675.325,436.592,863.867,483.709,863.88,460.251,958.224,436.553,1052.49,389.456,863.84,389.492,961.12,398.296,1049.52,0,0,0,0,507.331,604.51,413.133,575.009,407,1052.43,0,0,401.267,1052.44,433.748,1055.45,439.549,1076.04,433.584,1061.33,bowing
410.117,345.313,522.046,457.288,604.579,454.18,0,0,0,0,439.547,466.075,389.362,636.926,345.349,763.546,510.299,766.549,572.102,760.731,477.906,949.34,436.48,1076.1,460.223,769.583,413.152,969.935,0,0,0,0,418.939,318.808,0,0,489.696,318.82,0,0,0,0,0,0,0,0,0,0,436.52,1076.13,bowing
0,0,336.343,501.448,454.232,513.175,457.11,695.845,436.664,816.776,212.685,483.841,177.416,692.9,183.202,781.32,295.106,790.184,362.912,799.052,339.221,964.067,315.825,1076.11,227.411,784.33,256.812,952.341,268.628,1076.1,0,0,0,0,410.124,336.32,239.177,315.87,0,0,0,0,271.614,1076.13,0,0,0,0,0,0,bowing
0,0,333.449,651.77,421.889,628.232,430.658,746.021,0,0,242.113,675.372,224.473,834.297,274.501,878.551,365.802,919.805,424.829,913.97,342.442,1025.89,0,0,312.879,928.627,295.254,1076.06,0,0,0,0,0,0,342.381,525.036,256.877,530.958,0,0,0,0,0,0,0,0,0,0,0,0,bowing
0,0,80.0365,489.646,130.273,477.783,0,0,0,0,21.0969,510.249,7.78174,660.528,7.7851,810.787,118.344,716.539,156.63,698.85,124.148,857.857,130.284,999.4,80.1146,734.167,77.1317,881.652,103.518,1031.77,0,0,0,0,79.9221,392.378,7.79375,386.405,53.4576,1020.01,56.3507,1026.03,109.638,1046.54,83.064,984.695,0,0,141.924,1017.04,bowing
0,0,197.841,695.864,289.203,666.329,360,796.078,0,0,115.42,737.121,0,0,0,0,304.019,925.72,360.012,875.612,427.785,1002.31,0,0,248.096,958.154,0,0,0,0,0,0,0,0,0,0,0,0,0,0,0,0,0,0,0,0,0,0,0,0,bowing
171.305,244.957,309.869,371.805,342.38,345.217,0,0,0,0,271.517,404.189,268.606,604.557,253.946,766.537,342.206,663.448,365.975,645.794,345.337,834.435,345.354,975.739,315.859,675.304,315.778,860.898,339.316,1017.12,0,0,177.18,218.588,0,0,242.079,221.502,265.639,1014.16,268.709,1025.89,351.189,1026.02,283.331,966.93,292.202,958.168,365.897,981.738,bowing
0,0,528.008,539.721,604.634,551.375,0,0,0,0,433.674,530.911,380.613,678.263,362.841,787.119,501.343,796.136,554.501,804.881,483.857,955.117,454.328,1076.1,436.686,796.122,424.813,940.469,404.123,1076.08,0,0,0,0,604.606,418.892,480.911,386.498,365.962,1037.67,365.762,1046.56,0,0,442.454,1076.08,0,0,0,0,bowing
